,Site,OrdinalDate,Species,Stage1,Stage2,Stage3,Stage4,Stage5,Stage6,GDD,total,DI,year
391,Chaut,169,Aeropedellus clavatus,0,1,7,11,17,NA,342.325,36,4.222222222,1959
392,Chaut,176,Aeropedellus clavatus,0,0,0,1,30,NA,414.237,31,4.967741935,1959
393,Chaut,189,Aeropedellus clavatus,0,0,0,0,7,NA,529.527,7,5,1959
394,Chaut,197,Aeropedellus clavatus,0,0,0,0,5,NA,600.442,5,5,1959
395,Chaut,204,Aeropedellus clavatus,0,0,0,0,8,NA,665.66,8,5,1959
396,Chaut,210,Aeropedellus clavatus,0,0,0,0,6,NA,732.657,6,5,1959
397,Chaut,219,Aeropedellus clavatus,0,0,0,0,3,NA,819.797,3,5,1959
398,Chaut,225,Aeropedellus clavatus,0,0,0,0,5,NA,887.552,5,5,1959
399,Chaut,233,Aeropedellus clavatus,0,0,0,0,1,NA,964.394,1,5,1959
400,Chaut,239,Aeropedellus clavatus,0,0,0,0,1,NA,1026.25,1,5,1959
462,Chaut,146,Aeropedellus clavatus,1,2,4,1,0,NA,207.29,8,2.625,1960
463,Chaut,150,Aeropedellus clavatus,5,3,5,7,0,NA,228.962,20,2.7,1960
464,Chaut,152,Aeropedellus clavatus,0,0,0,8,2,NA,245.817,10,4.2,1960
465,Chaut,155,Aeropedellus clavatus,0,4,15,11,8,NA,277.867,38,3.605263158,1960
466,Chaut,159,Aeropedellus clavatus,0,1,20,19,17,NA,309.144,57,3.912280702,1960
467,Chaut,162,Aeropedellus clavatus,0,1,4,17,23,NA,323.502,45,4.377777778,1960
468,Chaut,165,Aeropedellus clavatus,0,2,6,10,18,NA,339.102,36,4.222222222,1960
469,Chaut,168,Aeropedellus clavatus,0,0,5,9,37,NA,365.049,51,4.62745098,1960
470,Chaut,172,Aeropedellus clavatus,0,1,3,0,25,NA,415.467,29,4.689655172,1960
471,Chaut,175,Aeropedellus clavatus,0,0,1,1,34,NA,441.687,36,4.916666667,1960
472,Chaut,179,Aeropedellus clavatus,0,0,0,1,29,NA,484.912,30,4.966666667,1960
473,Chaut,182,Aeropedellus clavatus,0,0,0,0,24,NA,525.017,24,5,1960
474,Chaut,186,Aeropedellus clavatus,0,0,0,0,20,NA,566.37,20,5,1960
475,Chaut,189,Aeropedellus clavatus,0,0,1,0,25,NA,582.672,26,4.923076923,1960
476,Chaut,193,Aeropedellus clavatus,0,0,0,0,15,NA,631.503,15,5,1960
477,Chaut,196,Aeropedellus clavatus,0,0,0,0,18,NA,656.668,18,5,1960
478,Chaut,200,Aeropedellus clavatus,0,0,0,0,32,NA,700.777,32,5,1960
479,Chaut,203,Aeropedellus clavatus,0,0,0,0,4,NA,737.609,4,5,1960
480,Chaut,207,Aeropedellus clavatus,0,0,0,0,25,NA,789.496,25,5,1960
481,Chaut,210,Aeropedellus clavatus,0,0,0,0,10,NA,835.494,10,5,1960
482,Chaut,215,Aeropedellus clavatus,0,0,0,0,6,NA,898.772,6,5,1960
483,Chaut,224,Aeropedellus clavatus,0,0,0,0,7,NA,992.262,7,5,1960
484,Chaut,231,Aeropedellus clavatus,0,0,0,0,2,NA,1059.92,2,5,1960
485,Chaut,237,Aeropedellus clavatus,0,0,0,0,1,NA,1127.06,1,5,1960
1,Chaut,135,Aeropedellus clavatus,0,0,0,6,0,NA,156.865,6,4,2007
2,Chaut,141,Aeropedellus clavatus,0,0,0,3,0,NA,188.59,8,4,2007
3,Chaut,150,Aeropedellus clavatus,0,0,0,0,3,NA,221.926,6,4.5,2007
4,Chaut,155,Aeropedellus clavatus,0,0,2,5,11,NA,243.924,21,4.428571429,2007
5,Chaut,164,Aeropedellus clavatus,0,0,10,8,3,NA,300.317,22,3.681818182,2007
6,Chaut,169,Aeropedellus clavatus,0,0,0,1,15,NA,349.169,16,4.9375,2007
7,Chaut,176,Aeropedellus clavatus,0,0,1,0,15,NA,428.915,16,4.875,2007
8,Chaut,184,Aeropedellus clavatus,0,0,0,4,11,NA,513.992,15,4.733333333,2007
9,Chaut,190,Aeropedellus clavatus,0,0,0,0,11,NA,581.159,12,4.916666667,2007
70,Chaut,137,Aeropedellus clavatus,1,17,5,0,0,NA,107.25,23,2.173913043,2008
73,Chaut,151,Aeropedellus clavatus,4,4,7,4,0,NA,180.291,19,2.578947368,2008
78,Chaut,156,Aeropedellus clavatus,0,1,1,4,0,NA,212.24,6,3.5,2008
84,Chaut,161,Aeropedellus clavatus,3,0,6,1,7,NA,228.534,17,3.529411765,2008
89,Chaut,167,Aeropedellus clavatus,0,1,7,8,9,NA,267.858,25,4,2008
94,Chaut,172,Aeropedellus clavatus,0,0,2,1,20,NA,307.618,23,4.782608696,2008
135,Chaut,133,Aeropedellus clavatus,0,0,0,1,0,NA,NA,1,4,2009
136,Chaut,140,Aeropedellus clavatus,0,2,0,1,0,NA,NA,3,2.666666667,2009
137,Chaut,154,Aeropedellus clavatus,0,0,1,2,0,NA,NA,3,3.666666667,2009
138,Chaut,161,Aeropedellus clavatus,0,12,11,8,2,NA,NA,33,3,2009
139,Chaut,168,Aeropedellus clavatus,0,2,15,8,2,NA,NA,27,3.37037037,2009
140,Chaut,177,Aeropedellus clavatus,0,0,0,0,5,NA,NA,7,4.714285714,2009
222,Chaut,139,Aeropedellus clavatus,0,2,0,0,0,NA,NA,2,2,2010
223,Chaut,143,Aeropedellus clavatus,0,0,1,0,0,NA,NA,1,3,2010
224,Chaut,150,Aeropedellus clavatus,3,8,3,2,0,NA,NA,16,2.25,2010
225,Chaut,157,Aeropedellus clavatus,2,5,6,2,0,NA,NA,15,2.533333333,2010
226,Chaut,165,Aeropedellus clavatus,0,0,0,4,3,NA,NA,7,4.428571429,2010
227,Chaut,169,Aeropedellus clavatus,0,0,2,7,4,NA,NA,17,4.117647059,2010
228,Chaut,176,Aeropedellus clavatus,0,0,0,2,3,NA,NA,5,4.6,2010
229,Chaut,182,Aeropedellus clavatus,0,0,0,1,8,NA,NA,9,4.888888889,2010
304,Chaut,126,Aeropedellus clavatus,5,4,1,1,0,NA,NA,11,1.818181818,2011
305,Chaut,133,Aeropedellus clavatus,2,3,5,1,0,NA,NA,11,2.454545455,2011
306,Chaut,140,Aeropedellus clavatus,0,0,5,4,0,NA,NA,9,3.444444444,2011
307,Chaut,169,Aeropedellus clavatus,0,0,0,2,0,NA,NA,2,4,2011
308,Chaut,209,Arphia conspersa,3,0,0,0,0,0,NA,3,1,2011
309,Chaut,216,Arphia conspersa,2,0,0,0,0,0,NA,2,1,2011
310,Chaut,223,Arphia conspersa,8,1,0,0,0,0,NA,9,1.111111111,2011
311,Chaut,230,Arphia conspersa,3,3,0,0,0,0,NA,6,1.5,2011
312,Chaut,239,Arphia conspersa,5,5,2,0,0,0,NA,12,1.75,2011
313,Chaut,246,Arphia conspersa,3,2,2,0,0,0,NA,7,1.857142857,2011
401,Chaut,169,Hesperotettix viridis,0,5,7,2,0,0,342.325,14,2.785714286,1959
402,Chaut,176,Hesperotettix viridis,0,2,5,1,0,0,414.237,8,2.875,1959
403,Chaut,197,Hesperotettix viridis,0,0,0,1,5,8,600.442,14,5.5,1959
404,Chaut,204,Hesperotettix viridis,0,0,0,1,6,13,665.66,20,5.6,1959
405,Chaut,210,Hesperotettix viridis,0,0,1,0,0,12,732.657,13,5.769230769,1959
406,Chaut,219,Hesperotettix viridis,0,0,0,0,0,10,819.797,10,6,1959
407,Chaut,225,Hesperotettix viridis,0,0,0,0,0,1,887.552,1,6,1959
408,Chaut,233,Hesperotettix viridis,0,0,0,0,0,6,964.394,6,6,1959
409,Chaut,239,Hesperotettix viridis,0,0,0,0,0,10,1026.25,10,6,1959
410,Chaut,245,Hesperotettix viridis,0,0,0,0,0,4,1080.62,4,6,1959
411,Chaut,253,Hesperotettix viridis,0,0,0,0,0,2,1158.59,2,6,1959
486,Chaut,146,Hesperotettix viridis,2,0,0,0,0,0,207.29,2,1,1960
487,Chaut,150,Hesperotettix viridis,1,1,0,0,0,0,228.962,2,1.5,1960
488,Chaut,153,Hesperotettix viridis,1,0,0,0,0,1,255.297,2,3.5,1960
489,Chaut,159,Hesperotettix viridis,0,1,2,0,0,0,309.144,3,2.666666667,1960
490,Chaut,162,Hesperotettix viridis,3,2,1,0,0,0,323.502,6,1.666666667,1960
491,Chaut,168,Hesperotettix viridis,0,0,7,0,0,0,365.049,7,3,1960
492,Chaut,172,Hesperotettix viridis,0,0,6,1,1,0,415.467,8,3.375,1960
493,Chaut,175,Hesperotettix viridis,0,0,4,4,0,0,441.687,8,3.5,1960
494,Chaut,179,Hesperotettix viridis,0,0,5,4,3,0,484.912,12,3.833333333,1960
495,Chaut,181,Hesperotettix viridis,0,0,0,4,2,0,512.204,6,4.333333333,1960
496,Chaut,186,Hesperotettix viridis,0,0,0,1,3,1,566.37,5,5,1960
497,Chaut,189,Hesperotettix viridis,0,0,0,0,11,2,582.672,13,5.153846154,1960
498,Chaut,193,Hesperotettix viridis,0,0,0,1,6,8,631.503,15,5.466666667,1960
499,Chaut,196,Hesperotettix viridis,0,0,1,1,15,18,656.668,35,5.428571429,1960
500,Chaut,200,Hesperotettix viridis,0,0,0,0,6,25,700.777,31,5.806451613,1960
501,Chaut,203,Hesperotettix viridis,0,0,0,0,2,4,737.609,6,5.666666667,1960
502,Chaut,207,Hesperotettix viridis,0,0,0,0,2,13,789.496,15,5.866666667,1960
503,Chaut,210,Hesperotettix viridis,0,0,0,0,1,8,835.494,9,5.888888889,1960
504,Chaut,215,Hesperotettix viridis,0,0,0,0,0,8,898.772,8,6,1960
505,Chaut,224,Hesperotettix viridis,0,0,0,0,0,5,992.262,5,6,1960
506,Chaut,231,Hesperotettix viridis,0,0,0,0,0,4,1059.92,4,6,1960
507,Chaut,237,Hesperotettix viridis,0,0,0,0,0,1,1127.06,1,6,1960
508,Chaut,244,Hesperotettix viridis,0,0,0,0,0,1,1203.12,1,6,1960
509,Chaut,258,Hesperotettix viridis,0,0,0,0,0,1,1337,1,6,1960
10,Chaut,150,Hesperotettix viridis,1,0,0,0,0,0,221.926,1,1,2007
11,Chaut,155,Hesperotettix viridis,0,2,0,0,0,0,243.924,2,2,2007
12,Chaut,164,Hesperotettix viridis,0,1,5,4,1,0,300.317,11,3.454545455,2007
13,Chaut,169,Hesperotettix viridis,0,0,0,2,0,0,349.169,2,4,2007
14,Chaut,176,Hesperotettix viridis,0,0,1,2,3,0,428.915,6,4.333333333,2007
15,Chaut,184,Hesperotettix viridis,0,1,0,4,5,0,513.992,10,4.3,2007
16,Chaut,190,Hesperotettix viridis,0,0,0,5,1,2,581.159,8,4.625,2007
17,Chaut,204,Hesperotettix viridis,0,0,0,0,1,6,749.844,7,5.857142857,2007
74,Chaut,151,Hesperotettix viridis,3,0,0,0,0,0,180.291,3,1,2008
79,Chaut,156,Hesperotettix viridis,10,5,0,0,0,0,212.24,15,1.333333333,2008
85,Chaut,161,Hesperotettix viridis,7,10,3,0,0,0,228.534,20,1.8,2008
90,Chaut,167,Hesperotettix viridis,5,18,13,0,0,0,267.858,36,2.222222222,2008
95,Chaut,172,Hesperotettix viridis,0,0,5,4,4,0,307.618,13,3.923076923,2008
99,Chaut,178,Hesperotettix viridis,0,1,6,15,2,0,364.386,24,3.75,2008
104,Chaut,185,Hesperotettix viridis,0,1,1,5,4,0,428.152,11,4.090909091,2008
109,Chaut,190,Hesperotettix viridis,0,2,2,7,19,0,482.06,30,4.433333333,2008
114,Chaut,196,Hesperotettix viridis,0,0,0,5,13,10,548.202,28,5.178571429,2008
141,Chaut,140,Hesperotettix viridis,2,0,0,0,0,0,NA,2,1,2009
142,Chaut,154,Hesperotettix viridis,0,1,0,0,0,0,NA,1,2,2009
143,Chaut,161,Hesperotettix viridis,5,5,4,3,0,0,NA,17,2.294117647,2009
144,Chaut,168,Hesperotettix viridis,0,3,6,1,0,0,NA,10,2.8,2009
145,Chaut,177,Hesperotettix viridis,0,2,3,0,0,0,NA,5,2.6,2009
146,Chaut,183,Hesperotettix viridis,0,2,3,2,0,0,NA,7,3,2009
147,Chaut,191,Hesperotettix viridis,0,0,5,9,4,0,NA,18,3.944444444,2009
148,Chaut,197,Hesperotettix viridis,0,0,0,1,6,0,NA,7,4.857142857,2009
230,Chaut,165,Hesperotettix viridis,2,4,4,0,0,0,NA,10,2.2,2010
231,Chaut,169,Hesperotettix viridis,2,5,5,0,0,0,NA,12,2.25,2010
232,Chaut,176,Hesperotettix viridis,0,1,5,3,0,0,NA,9,3.222222222,2010
233,Chaut,182,Hesperotettix viridis,0,0,3,3,0,0,NA,6,3.5,2010
234,Chaut,187,Hesperotettix viridis,0,1,4,6,1,0,NA,12,3.583333333,2010
235,Chaut,195,Hesperotettix viridis,0,0,0,2,5,0,NA,7,4.714285714,2010
236,Chaut,201,Hesperotettix viridis,0,0,1,3,7,2,NA,13,4.769230769,2010
237,Chaut,209,Hesperotettix viridis,0,0,0,3,6,5,NA,14,5.142857143,2010
314,Chaut,148,Hesperotettix viridis,1,0,0,0,0,0,NA,1,1,2011
315,Chaut,158,Hesperotettix viridis,4,2,0,0,0,0,NA,6,1.333333333,2011
316,Chaut,169,Hesperotettix viridis,1,4,5,0,0,0,NA,10,2.4,2011
317,Chaut,176,Hesperotettix viridis,0,1,3,1,0,0,NA,5,3,2011
318,Chaut,183,Hesperotettix viridis,0,0,4,2,5,0,NA,11,4.090909091,2011
319,Chaut,190,Hesperotettix viridis,0,0,0,1,5,0,NA,6,4.833333333,2011
320,Chaut,203,Hesperotettix viridis,0,0,0,0,2,3,NA,5,5.6,2011
412,Chaut,169,Melanoplus bivittatus,2,19,46,21,4,0,342.325,92,3.065217391,1959
413,Chaut,176,Melanoplus bivittatus,0,1,12,28,6,0,414.237,47,3.829787234,1959
414,Chaut,190,Melanoplus bivittatus,0,1,25,27,23,10,536.982,86,4.186046512,1959
415,Chaut,197,Melanoplus bivittatus,0,0,3,4,12,15,600.442,34,5.147058824,1959
416,Chaut,204,Melanoplus bivittatus,0,0,5,4,5,13,665.66,27,4.962962963,1959
417,Chaut,210,Melanoplus bivittatus,0,0,5,11,7,29,732.657,52,5.153846154,1959
418,Chaut,219,Melanoplus bivittatus,0,0,2,7,5,12,819.797,26,5.038461538,1959
419,Chaut,225,Melanoplus bivittatus,0,0,0,3,3,15,887.552,21,5.571428571,1959
420,Chaut,233,Melanoplus bivittatus,0,0,0,0,2,12,964.394,14,5.857142857,1959
421,Chaut,239,Melanoplus bivittatus,0,0,0,1,2,19,1026.25,22,5.818181818,1959
422,Chaut,245,Melanoplus bivittatus,0,0,0,0,0,11,1080.62,11,6,1959
423,Chaut,253,Melanoplus bivittatus,0,0,0,0,2,17,1158.59,19,5.894736842,1959
424,Chaut,261,Melanoplus bivittatus,0,0,0,0,1,0,1200.71,1,5,1959
425,Chaut,281,Melanoplus bivittatus,0,0,0,0,0,1,1234.31,1,6,1959
510,Chaut,146,Melanoplus bivittatus,4,1,0,0,0,0,207.29,5,1.2,1960
511,Chaut,150,Melanoplus bivittatus,6,2,1,1,0,0,228.962,10,1.7,1960
512,Chaut,152,Melanoplus bivittatus,2,6,4,1,0,0,245.817,13,2.307692308,1960
513,Chaut,155,Melanoplus bivittatus,0,20,25,0,0,0,277.867,45,2.555555556,1960
514,Chaut,159,Melanoplus bivittatus,50,37,22,3,0,0,309.144,112,1.803571429,1960
515,Chaut,162,Melanoplus bivittatus,37,15,16,5,1,0,323.502,74,1.891891892,1960
516,Chaut,165,Melanoplus bivittatus,36,25,19,3,1,0,339.102,84,1.904761905,1960
517,Chaut,168,Melanoplus bivittatus,35,51,45,3,3,0,365.049,137,2.182481752,1960
518,Chaut,172,Melanoplus bivittatus,4,30,32,17,5,0,415.467,88,2.875,1960
519,Chaut,175,Melanoplus bivittatus,6,8,30,10,2,0,441.687,56,2.892857143,1960
520,Chaut,179,Melanoplus bivittatus,4,10,36,9,1,0,484.912,60,2.883333333,1960
521,Chaut,182,Melanoplus bivittatus,1,1,13,3,8,0,525.017,26,3.615384615,1960
522,Chaut,186,Melanoplus bivittatus,0,9,7,7,8,5,566.37,36,3.805555556,1960
523,Chaut,189,Melanoplus bivittatus,0,4,16,13,9,4,582.672,46,3.847826087,1960
524,Chaut,193,Melanoplus bivittatus,0,0,2,7,5,7,631.503,21,4.80952381,1960
525,Chaut,196,Melanoplus bivittatus,0,0,31,30,16,10,656.668,87,4.057471264,1960
526,Chaut,200,Melanoplus bivittatus,0,0,0,22,39,19,700.777,80,4.9625,1960
527,Chaut,203,Melanoplus bivittatus,0,0,2,16,14,5,737.609,37,4.594594595,1960
528,Chaut,207,Melanoplus bivittatus,0,0,2,14,30,28,789.496,74,5.135135135,1960
529,Chaut,210,Melanoplus bivittatus,0,0,0,7,3,14,835.494,24,5.291666667,1960
530,Chaut,215,Melanoplus bivittatus,0,0,1,2,9,18,898.772,30,5.466666667,1960
531,Chaut,224,Melanoplus bivittatus,0,0,2,8,35,36,992.262,81,5.296296296,1960
532,Chaut,231,Melanoplus bivittatus,0,0,0,1,4,25,1059.92,30,5.8,1960
533,Chaut,237,Melanoplus bivittatus,0,0,0,0,1,34,1127.06,35,5.971428571,1960
534,Chaut,244,Melanoplus bivittatus,0,0,0,0,0,5,1203.12,5,6,1960
535,Chaut,258,Melanoplus bivittatus,0,0,0,0,0,13,1337,13,6,1960
536,Chaut,271,Melanoplus bivittatus,0,0,0,0,0,16,1401.97,16,6,1960
18,Chaut,135,Melanoplus bivittatus,6,0,0,0,0,0,156.865,6,1,2007
19,Chaut,141,Melanoplus bivittatus,14,1,0,0,0,0,188.59,15,1.066666667,2007
20,Chaut,150,Melanoplus bivittatus,10,3,0,0,0,0,221.926,13,1.230769231,2007
21,Chaut,155,Melanoplus bivittatus,16,10,6,0,0,0,243.924,32,1.6875,2007
22,Chaut,164,Melanoplus bivittatus,18,16,22,0,0,0,300.317,56,2.071428571,2007
23,Chaut,169,Melanoplus bivittatus,0,5,17,6,0,0,349.169,28,3.035714286,2007
24,Chaut,176,Melanoplus bivittatus,8,16,30,15,8,0,428.915,77,2.987012987,2007
25,Chaut,184,Melanoplus bivittatus,5,20,22,6,15,0,513.992,68,3.088235294,2007
26,Chaut,190,Melanoplus bivittatus,3,9,29,20,18,4,581.159,83,3.638554217,2007
27,Chaut,197,Melanoplus bivittatus,0,15,15,23,26,21,655.511,100,4.23,2007
28,Chaut,204,Melanoplus bivittatus,1,4,6,15,17,11,749.844,54,4.407407407,2007
29,Chaut,211,Melanoplus bivittatus,0,1,7,10,21,27,827.511,66,5,2007
30,Chaut,216,Melanoplus bivittatus,0,2,5,4,10,12,884.455,33,4.757575758,2007
31,Chaut,226,Melanoplus bivittatus,0,0,0,2,7,24,1006.96,33,5.666666667,2007
32,Chaut,232,Melanoplus bivittatus,0,0,0,1,3,27,1074.4,31,5.838709677,2007
33,Chaut,241,Melanoplus bivittatus,0,0,0,3,8,39,1164.2,50,5.72,2007
34,Chaut,249,Melanoplus bivittatus,0,0,0,0,4,53,1246.29,57,5.929824561,2007
35,Chaut,261,Melanoplus bivittatus,0,0,0,0,1,33,1312.03,34,5.970588235,2007
68,Chaut,127,Melanoplus bivittatus,4,0,0,0,0,0,85.301,4,1,2008
71,Chaut,137,Melanoplus bivittatus,2,6,1,0,0,0,107.25,9,1.888888889,2008
75,Chaut,151,Melanoplus bivittatus,28,18,14,3,0,0,180.291,63,1.873015873,2008
80,Chaut,156,Melanoplus bivittatus,58,28,10,3,0,0,212.24,99,1.575757576,2008
86,Chaut,161,Melanoplus bivittatus,44,31,18,3,0,0,228.534,96,1.791666667,2008
91,Chaut,167,Melanoplus bivittatus,134,74,65,23,3,0,267.858,299,1.953177258,2008
96,Chaut,172,Melanoplus bivittatus,46,47,42,40,10,0,307.618,185,2.572972973,2008
100,Chaut,178,Melanoplus bivittatus,24,27,73,16,6,3,364.386,149,2.744966443,2008
105,Chaut,185,Melanoplus bivittatus,19,47,64,49,47,8,428.152,234,3.35042735,2008
110,Chaut,190,Melanoplus bivittatus,26,36,53,58,49,39,482.06,261,3.708812261,2008
115,Chaut,196,Melanoplus bivittatus,8,29,44,91,86,42,548.202,300,4.146666667,2008
119,Chaut,206,Melanoplus bivittatus,0,2,15,17,32,53,680.147,119,5,2008
121,Chaut,212,Melanoplus bivittatus,0,0,14,14,22,90,756.48,140,5.342857143,2008
123,Chaut,220,Melanoplus bivittatus,0,0,3,3,6,59,855.758,71,5.704225352,2008
125,Chaut,230,Melanoplus bivittatus,0,0,0,0,6,48,929.834,54,5.888888889,2008
128,Chaut,240,Melanoplus bivittatus,0,0,0,0,2,46,1018.63,48,5.958333333,2008
130,Chaut,247,Melanoplus bivittatus,0,0,0,0,3,31,1069.9,34,5.911764706,2008
149,Chaut,133,Melanoplus bivittatus,6,1,0,0,0,0,NA,7,1.142857143,2009
150,Chaut,140,Melanoplus bivittatus,26,15,3,0,0,0,NA,44,1.477272727,2009
151,Chaut,147,Melanoplus bivittatus,15,9,7,0,0,0,NA,31,1.741935484,2009
152,Chaut,154,Melanoplus bivittatus,27,23,3,0,0,0,NA,53,1.547169811,2009
153,Chaut,161,Melanoplus bivittatus,183,238,93,18,3,0,NA,535,1.91588785,2009
154,Chaut,168,Melanoplus bivittatus,130,197,91,33,4,0,NA,455,2.085714286,2009
155,Chaut,177,Melanoplus bivittatus,52,68,45,26,10,0,NA,201,2.373134328,2009
156,Chaut,183,Melanoplus bivittatus,40,74,69,35,19,0,NA,237,2.658227848,2009
157,Chaut,191,Melanoplus bivittatus,1,10,50,48,20,3,NA,132,3.643939394,2009
158,Chaut,197,Melanoplus bivittatus,1,12,37,36,26,19,NA,131,4,2009
159,Chaut,203,Melanoplus bivittatus,0,6,33,33,37,32,NA,141,4.397163121,2009
160,Chaut,210,Melanoplus bivittatus,0,0,24,29,32,22,NA,107,4.485981308,2009
161,Chaut,218,Melanoplus bivittatus,0,0,3,5,22,45,NA,75,5.453333333,2009
162,Chaut,228,Melanoplus bivittatus,0,0,0,0,1,100,NA,101,5.99009901,2009
163,Chaut,235,Melanoplus bivittatus,0,0,0,0,1,37,NA,38,5.973684211,2009
238,Chaut,139,Melanoplus bivittatus,3,0,0,0,0,0,NA,3,1,2010
239,Chaut,143,Melanoplus bivittatus,5,3,0,0,0,0,NA,8,1.375,2010
240,Chaut,150,Melanoplus bivittatus,6,6,2,0,0,0,NA,14,1.714285714,2010
241,Chaut,157,Melanoplus bivittatus,12,5,3,0,0,0,NA,20,1.55,2010
242,Chaut,165,Melanoplus bivittatus,127,14,11,6,0,0,NA,158,1.341772152,2010
243,Chaut,169,Melanoplus bivittatus,257,80,19,16,1,0,NA,373,1.455764075,2010
244,Chaut,176,Melanoplus bivittatus,127,176,63,31,0,0,NA,397,1.994962217,2010
245,Chaut,182,Melanoplus bivittatus,23,65,131,31,7,0,NA,257,2.743190661,2010
246,Chaut,187,Melanoplus bivittatus,15,83,118,90,19,0,NA,325,3.046153846,2010
247,Chaut,195,Melanoplus bivittatus,8,42,170,128,36,0,NA,384,3.369791667,2010
248,Chaut,201,Melanoplus bivittatus,2,11,80,102,66,5,NA,266,3.879699248,2010
249,Chaut,209,Melanoplus bivittatus,0,3,30,37,61,12,NA,143,4.342657343,2010
250,Chaut,217,Melanoplus bivittatus,0,0,11,13,36,42,NA,102,5.068627451,2010
251,Chaut,225,Melanoplus bivittatus,0,0,1,2,12,114,NA,129,5.852713178,2010
252,Chaut,236,Melanoplus bivittatus,0,0,0,0,7,108,NA,115,5.939130435,2010
321,Chaut,119,Melanoplus bivittatus,2,0,0,0,0,NA,NA,NA,NA,2011
322,Chaut,126,Melanoplus bivittatus,12,2,0,0,0,0,NA,14,1.142857143,2011
323,Chaut,133,Melanoplus bivittatus,5,0,0,0,0,0,NA,5,1,2011
324,Chaut,140,Melanoplus bivittatus,20,15,1,0,0,0,NA,36,1.472222222,2011
325,Chaut,148,Melanoplus bivittatus,31,58,5,0,0,0,NA,94,1.723404255,2011
326,Chaut,158,Melanoplus bivittatus,57,26,14,0,0,0,NA,97,1.556701031,2011
327,Chaut,169,Melanoplus bivittatus,65,118,78,7,0,0,NA,268,2.100746269,2011
328,Chaut,176,Melanoplus bivittatus,73,109,70,25,8,0,NA,285,2.249122807,2011
329,Chaut,183,Melanoplus bivittatus,44,61,160,64,20,0,NA,349,2.871060172,2011
330,Chaut,190,Melanoplus bivittatus,10,12,60,75,18,3,NA,178,3.494382022,2011
331,Chaut,197,Melanoplus bivittatus,2,11,140,123,66,12,NA,354,3.779661017,2011
332,Chaut,203,Melanoplus bivittatus,0,9,60,60,45,29,NA,203,4.123152709,2011
333,Chaut,209,Melanoplus bivittatus,1,0,8,20,29,28,NA,86,4.860465116,2011
334,Chaut,216,Melanoplus bivittatus,0,0,0,7,25,62,NA,94,5.585106383,2011
335,Chaut,223,Melanoplus bivittatus,0,0,0,0,16,97,NA,113,5.85840708,2011
336,Chaut,230,Melanoplus bivittatus,0,0,0,0,4,80,NA,84,5.952380952,2011
426,Chaut,169,Melanoplus confusus,0,0,0,0,1,5,342.325,6,5.833333333,1959
427,Chaut,176,Melanoplus confusus,0,0,0,0,0,8,414.237,8,6,1959
428,Chaut,190,Melanoplus confusus,0,0,0,0,0,6,536.982,6,6,1959
429,Chaut,197,Melanoplus confusus,0,0,0,0,0,7,600.442,7,6,1959
430,Chaut,204,Melanoplus confusus,0,0,0,0,0,4,665.66,4,6,1959
431,Chaut,219,Melanoplus confusus,0,0,0,0,0,2,819.797,2,6,1959
537,Chaut,146,Melanoplus confusus,1,1,0,1,0,0,207.29,3,2.333333333,1960
538,Chaut,148,Melanoplus confusus,4,0,0,1,0,0,219.473,5,1.6,1960
539,Chaut,152,Melanoplus confusus,3,1,0,2,0,0,245.817,6,2.166666667,1960
540,Chaut,155,Melanoplus confusus,15,0,3,0,8,3,277.867,29,2.827586207,1960
541,Chaut,162,Melanoplus confusus,0,0,0,0,3,0,323.502,3,5,1960
542,Chaut,165,Melanoplus confusus,0,0,0,0,0,3,339.102,3,6,1960
543,Chaut,168,Melanoplus confusus,0,0,0,0,1,6,365.049,7,5.857142857,1960
544,Chaut,172,Melanoplus confusus,0,0,0,1,0,4,415.467,5,5.6,1960
545,Chaut,175,Melanoplus confusus,0,0,0,0,0,1,441.687,1,6,1960
546,Chaut,179,Melanoplus confusus,0,0,0,0,0,3,484.912,3,6,1960
547,Chaut,182,Melanoplus confusus,0,0,0,0,0,1,525.017,1,6,1960
548,Chaut,189,Melanoplus confusus,0,0,0,0,0,3,582.672,3,6,1960
549,Chaut,193,Melanoplus confusus,0,0,0,0,0,3,631.503,3,6,1960
550,Chaut,200,Melanoplus confusus,0,0,0,0,0,6,700.777,6,6,1960
551,Chaut,210,Melanoplus confusus,0,0,0,0,0,1,835.494,1,6,1960
552,Chaut,224,Melanoplus confusus,0,0,0,0,0,5,992.262,5,6,1960
36,Chaut,135,Melanoplus confusus,0,1,2,0,0,0,156.865,3,2.666666667,2007
37,Chaut,141,Melanoplus confusus,0,2,4,0,0,0,188.59,6,2.666666667,2007
38,Chaut,150,Melanoplus confusus,0,0,0,3,1,0,221.926,4,4.25,2007
39,Chaut,164,Melanoplus confusus,0,0,0,0,1,1,300.317,2,5.5,2007
69,Chaut,127,Melanoplus confusus,5,0,0,0,0,0,85.301,5,1,2008
72,Chaut,137,Melanoplus confusus,0,4,0,0,0,0,107.25,4,2,2008
76,Chaut,151,Melanoplus confusus,1,1,1,2,0,0,180.291,5,2.8,2008
81,Chaut,156,Melanoplus confusus,0,0,2,0,1,0,212.24,3,3.666666667,2008
87,Chaut,161,Melanoplus confusus,0,0,1,0,1,4,228.534,6,5.333333333,2008
164,Chaut,147,Melanoplus confusus,3,2,1,0,0,0,NA,6,1.666666667,2009
165,Chaut,154,Melanoplus confusus,0,0,2,3,0,0,NA,5,3.6,2009
166,Chaut,161,Melanoplus confusus,1,1,1,0,1,0,NA,4,2.75,2009
167,Chaut,168,Melanoplus confusus,0,0,1,2,0,1,NA,4,4.25,2009
253,Chaut,126,Melanoplus confusus,3,1,0,0,0,0,NA,4,1.25,2010
254,Chaut,139,Melanoplus confusus,3,2,0,0,0,0,NA,5,1.4,2010
255,Chaut,143,Melanoplus confusus,3,2,0,0,0,0,NA,5,1.4,2010
256,Chaut,157,Melanoplus confusus,0,1,2,3,2,0,NA,8,3.75,2010
257,Chaut,165,Melanoplus confusus,0,0,6,5,5,0,NA,16,3.9375,2010
258,Chaut,182,Melanoplus confusus,0,0,3,0,1,0,NA,4,3.5,2010
259,Chaut,187,Melanoplus confusus,0,0,2,2,3,1,NA,8,4.375,2010
260,Chaut,195,Melanoplus confusus,0,0,0,2,3,3,NA,8,5.125,2010
337,Chaut,133,Melanoplus confusus,28,12,0,0,0,0,NA,40,1.3,2011
338,Chaut,140,Melanoplus confusus,8,3,0,0,0,0,NA,11,1.272727273,2011
339,Chaut,148,Melanoplus confusus,8,3,3,0,0,0,NA,14,1.642857143,2011
340,Chaut,176,Melanoplus confusus,0,0,1,5,4,0,NA,10,4.3,2011
432,Chaut,169,Melanoplus dawsoni,8,1,0,0,0,0,342.325,9,1.111111111,1959
433,Chaut,176,Melanoplus dawsoni,1,8,9,7,0,0,414.237,25,2.88,1959
434,Chaut,190,Melanoplus dawsoni,0,1,4,10,10,0,536.982,25,4.16,1959
435,Chaut,197,Melanoplus dawsoni,0,0,3,2,1,2,600.442,8,4.25,1959
436,Chaut,204,Melanoplus dawsoni,0,1,0,0,3,5,665.66,9,5.222222222,1959
437,Chaut,210,Melanoplus dawsoni,0,0,0,0,0,9,732.657,9,6,1959
438,Chaut,219,Melanoplus dawsoni,0,0,2,0,0,4,819.797,6,5,1959
439,Chaut,225,Melanoplus dawsoni,0,0,0,0,0,6,887.552,6,6,1959
440,Chaut,233,Melanoplus dawsoni,0,0,0,0,0,5,964.394,5,6,1959
441,Chaut,239,Melanoplus dawsoni,0,0,0,0,0,14,1026.25,14,6,1959
442,Chaut,245,Melanoplus dawsoni,0,0,0,0,0,4,1080.62,4,6,1959
443,Chaut,253,Melanoplus dawsoni,0,0,0,0,0,1,1158.59,1,6,1959
444,Chaut,261,Melanoplus dawsoni,0,0,0,0,0,10,1200.71,10,6,1959
445,Chaut,281,Melanoplus dawsoni,0,0,0,0,0,6,1234.31,6,6,1959
553,Chaut,150,Melanoplus dawsoni,1,0,0,0,0,0,228.962,1,1,1960
554,Chaut,155,Melanoplus dawsoni,2,0,0,0,0,0,277.867,2,1,1960
555,Chaut,159,Melanoplus dawsoni,3,3,0,0,0,0,309.144,6,1.5,1960
556,Chaut,162,Melanoplus dawsoni,1,2,1,0,0,0,323.502,4,2,1960
557,Chaut,165,Melanoplus dawsoni,1,1,1,0,0,0,339.102,3,2,1960
558,Chaut,168,Melanoplus dawsoni,0,4,7,0,0,0,365.049,11,2.636363636,1960
559,Chaut,172,Melanoplus dawsoni,1,2,2,1,0,0,415.467,6,2.5,1960
560,Chaut,175,Melanoplus dawsoni,2,1,3,2,0,0,441.687,8,2.625,1960
561,Chaut,179,Melanoplus dawsoni,1,2,6,4,3,0,484.912,16,3.375,1960
562,Chaut,182,Melanoplus dawsoni,0,0,1,2,0,0,525.017,3,3.666666667,1960
563,Chaut,186,Melanoplus dawsoni,0,5,3,1,5,1,566.37,15,3.6,1960
564,Chaut,189,Melanoplus dawsoni,1,0,0,2,0,0,582.672,3,3,1960
565,Chaut,193,Melanoplus dawsoni,0,3,9,4,5,1,631.503,22,3.636363636,1960
566,Chaut,196,Melanoplus dawsoni,0,1,0,3,0,1,656.668,5,4,1960
567,Chaut,200,Melanoplus dawsoni,0,0,8,9,7,7,700.777,31,4.419354839,1960
568,Chaut,207,Melanoplus dawsoni,0,0,0,2,2,5,789.496,9,5.333333333,1960
569,Chaut,210,Melanoplus dawsoni,0,0,0,0,1,4,835.494,5,5.8,1960
570,Chaut,215,Melanoplus dawsoni,0,0,0,0,2,2,898.772,4,5.5,1960
571,Chaut,224,Melanoplus dawsoni,0,0,0,1,1,7,992.262,9,5.666666667,1960
572,Chaut,231,Melanoplus dawsoni,0,0,0,0,0,4,1059.92,4,6,1960
573,Chaut,237,Melanoplus dawsoni,0,0,0,0,0,5,1127.06,5,6,1960
574,Chaut,244,Melanoplus dawsoni,0,0,0,0,0,4,1203.12,4,6,1960
575,Chaut,258,Melanoplus dawsoni,0,0,0,0,0,6,1337,6,6,1960
40,Chaut,150,Melanoplus dawsoni,1,2,0,0,0,0,221.926,3,1.666666667,2007
41,Chaut,155,Melanoplus dawsoni,1,3,0,0,0,0,243.924,4,1.75,2007
42,Chaut,164,Melanoplus dawsoni,0,2,5,2,0,0,300.317,9,3,2007
43,Chaut,169,Melanoplus dawsoni,0,0,1,9,1,0,349.169,11,4,2007
44,Chaut,176,Melanoplus dawsoni,2,2,0,2,0,0,428.915,6,2.333333333,2007
45,Chaut,184,Melanoplus dawsoni,0,0,2,4,7,0,513.992,13,4.384615385,2007
46,Chaut,190,Melanoplus dawsoni,0,0,7,4,1,0,581.159,12,3.5,2007
47,Chaut,197,Melanoplus dawsoni,0,4,6,3,0,9,655.511,22,4.181818182,2007
48,Chaut,204,Melanoplus dawsoni,0,0,5,0,1,7,749.844,13,4.769230769,2007
49,Chaut,211,Melanoplus dawsoni,0,0,0,1,0,9,827.511,10,5.8,2007
77,Chaut,151,Melanoplus dawsoni,4,0,0,0,0,0,180.291,4,1,2008
82,Chaut,156,Melanoplus dawsoni,7,3,0,0,0,0,212.24,10,1.3,2008
88,Chaut,161,Melanoplus dawsoni,33,14,7,2,0,0,228.534,56,1.607142857,2008
92,Chaut,167,Melanoplus dawsoni,26,25,18,4,1,0,267.858,74,2.040540541,2008
97,Chaut,172,Melanoplus dawsoni,3,7,16,8,5,0,307.618,39,3.128205128,2008
101,Chaut,178,Melanoplus dawsoni,2,4,3,4,5,0,364.386,18,3.333333333,2008
106,Chaut,185,Melanoplus dawsoni,4,3,2,11,3,0,428.152,23,3.260869565,2008
111,Chaut,190,Melanoplus dawsoni,0,0,1,5,5,1,482.06,12,4.5,2008
116,Chaut,196,Melanoplus dawsoni,0,1,0,10,11,10,548.202,32,4.90625,2008
126,Chaut,230,Melanoplus dawsoni,0,0,0,0,2,11,929.834,13,5.846153846,2008
168,Chaut,154,Melanoplus dawsoni,2,0,0,0,0,0,NA,2,1,2009
169,Chaut,161,Melanoplus dawsoni,37,9,0,0,0,0,NA,46,1.195652174,2009
170,Chaut,168,Melanoplus dawsoni,18,17,4,0,0,0,NA,39,1.641025641,2009
171,Chaut,177,Melanoplus dawsoni,5,3,4,2,0,0,NA,14,2.214285714,2009
172,Chaut,183,Melanoplus dawsoni,0,4,10,7,1,0,NA,22,3.227272727,2009
173,Chaut,191,Melanoplus dawsoni,2,6,6,5,1,0,NA,20,2.85,2009
174,Chaut,197,Melanoplus dawsoni,0,0,2,5,6,0,NA,13,4.307692308,2009
175,Chaut,203,Melanoplus dawsoni,0,0,1,1,2,8,NA,12,5.416666667,2009
176,Chaut,210,Melanoplus dawsoni,0,0,1,1,2,8,NA,12,5.416666667,2009
261,Chaut,165,Melanoplus dawsoni,4,1,0,0,0,0,NA,5,1.2,2010
262,Chaut,169,Melanoplus dawsoni,7,3,0,0,0,0,NA,10,1.3,2010
263,Chaut,176,Melanoplus dawsoni,3,9,4,0,0,0,NA,16,2.0625,2010
264,Chaut,182,Melanoplus dawsoni,2,5,13,1,0,0,NA,21,2.619047619,2010
265,Chaut,187,Melanoplus dawsoni,3,6,5,13,0,0,NA,27,3.037037037,2010
266,Chaut,195,Melanoplus dawsoni,0,1,5,4,0,0,NA,10,3.3,2010
267,Chaut,201,Melanoplus dawsoni,0,0,2,5,1,0,NA,8,3.875,2010
268,Chaut,209,Melanoplus dawsoni,0,0,0,3,5,0,NA,8,4.625,2010
269,Chaut,217,Melanoplus dawsoni,0,0,0,0,2,4,NA,6,5.666666667,2010
341,Chaut,158,Melanoplus dawsoni,3,0,0,0,0,0,NA,3,1,2011
342,Chaut,169,Melanoplus dawsoni,9,4,1,0,0,0,NA,14,1.428571429,2011
343,Chaut,176,Melanoplus dawsoni,6,2,2,1,0,0,NA,11,1.818181818,2011
344,Chaut,183,Melanoplus dawsoni,0,2,3,4,5,0,NA,14,3.857142857,2011
345,Chaut,190,Melanoplus dawsoni,0,0,0,0,8,0,NA,8,5,2011
346,Chaut,197,Melanoplus dawsoni,0,0,0,2,5,2,NA,9,5,2011
347,Chaut,203,Melanoplus dawsoni,0,0,1,1,2,2,NA,6,4.833333333,2011
446,Chaut,219,Melanoplus femurrubrum,0,0,0,0,1,0,819.797,1,5,1959
447,Chaut,225,Melanoplus femurrubrum,0,0,0,1,0,0,887.552,1,4,1959
448,Chaut,239,Melanoplus femurrubrum,0,0,0,0,1,0,1026.25,1,5,1959
576,Chaut,172,Melanoplus femurrubrum,2,0,0,0,0,0,415.467,2,1,1960
577,Chaut,179,Melanoplus femurrubrum,2,1,0,0,0,0,484.912,3,1.333333333,1960
578,Chaut,224,Melanoplus femurrubrum,0,0,0,0,3,0,992.262,3,5,1960
579,Chaut,231,Melanoplus femurrubrum,0,0,0,1,1,0,1059.92,2,4.5,1960
50,Chaut,190,Melanoplus femurrubrum,2,3,0,0,0,0,581.159,5,1.6,2007
51,Chaut,197,Melanoplus femurrubrum,30,26,7,0,0,0,655.511,63,1.634920635,2007
52,Chaut,204,Melanoplus femurrubrum,5,10,6,1,0,0,749.844,22,2.136363636,2007
53,Chaut,211,Melanoplus femurrubrum,1,8,9,2,4,0,827.511,24,3,2007
54,Chaut,216,Melanoplus femurrubrum,2,7,10,4,12,0,884.455,35,3.485714286,2007
55,Chaut,226,Melanoplus femurrubrum,0,1,5,16,14,0,1006.96,36,4.194444444,2007
56,Chaut,232,Melanoplus femurrubrum,0,0,1,5,11,12,1074.4,29,5.172413793,2007
57,Chaut,241,Melanoplus femurrubrum,0,0,0,3,15,2,1164.2,20,4.95,2007
58,Chaut,249,Melanoplus femurrubrum,0,0,0,0,5,19,1246.29,24,5.791666667,2007
59,Chaut,261,Melanoplus femurrubrum,0,0,0,1,0,18,1312.03,19,5.894736842,2007
102,Chaut,178,Melanoplus femurrubrum,4,3,1,0,0,0,364.386,8,1.625,2008
107,Chaut,185,Melanoplus femurrubrum,0,1,5,1,0,0,428.152,7,3,2008
112,Chaut,190,Melanoplus femurrubrum,14,2,3,0,0,0,482.06,19,1.421052632,2008
117,Chaut,196,Melanoplus femurrubrum,7,3,5,2,0,0,548.202,17,2.117647059,2008
120,Chaut,206,Melanoplus femurrubrum,4,6,3,2,0,0,680.147,15,2.2,2008
122,Chaut,212,Melanoplus femurrubrum,0,0,7,1,0,0,756.48,8,3.125,2008
124,Chaut,220,Melanoplus femurrubrum,0,1,2,0,3,0,855.758,6,3.833333333,2008
127,Chaut,230,Melanoplus femurrubrum,0,3,7,4,3,0,929.834,17,3.411764706,2008
129,Chaut,240,Melanoplus femurrubrum,0,0,1,3,4,1,1018.63,9,4.555555556,2008
131,Chaut,247,Melanoplus femurrubrum,0,0,0,0,2,1,1069.9,3,5.333333333,2008
132,Chaut,259,Melanoplus femurrubrum,0,1,0,2,0,2,1107.85,5,4.4,2008
133,Chaut,263,Melanoplus femurrubrum,0,1,4,1,0,7,1130.88,13,4.615384615,2008
134,Chaut,288,Melanoplus femurrubrum,0,0,0,1,1,5,1231.5,7,5.571428571,2008
177,Chaut,168,Melanoplus femurrubrum,1,0,0,0,0,0,NA,1,1,2009
178,Chaut,183,Melanoplus femurrubrum,6,0,0,0,0,0,NA,6,1,2009
179,Chaut,191,Melanoplus femurrubrum,4,5,0,0,0,0,NA,9,1.555555556,2009
180,Chaut,197,Melanoplus femurrubrum,3,5,0,0,0,0,NA,8,1.625,2009
181,Chaut,203,Melanoplus femurrubrum,1,17,6,2,0,0,NA,26,2.346153846,2009
182,Chaut,210,Melanoplus femurrubrum,0,8,3,2,2,0,NA,15,2.866666667,2009
183,Chaut,218,Melanoplus femurrubrum,0,5,17,3,0,0,NA,25,2.92,2009
184,Chaut,228,Melanoplus femurrubrum,0,0,1,6,1,0,NA,8,4,2009
185,Chaut,235,Melanoplus femurrubrum,0,0,0,3,3,0,NA,6,4.5,2009
186,Chaut,242,Melanoplus femurrubrum,0,0,0,0,3,0,NA,3,5,2009
270,Chaut,195,Melanoplus femurrubrum,7,2,0,0,0,0,NA,9,1.222222222,2010
271,Chaut,201,Melanoplus femurrubrum,1,7,5,1,0,0,NA,14,2.428571429,2010
272,Chaut,209,Melanoplus femurrubrum,0,2,3,3,1,0,NA,9,3.333333333,2010
273,Chaut,217,Melanoplus femurrubrum,0,1,8,5,0,0,NA,14,3.285714286,2010
274,Chaut,225,Melanoplus femurrubrum,0,1,5,2,0,0,NA,8,3.125,2010
275,Chaut,236,Melanoplus femurrubrum,0,0,5,3,5,0,NA,13,4,2010
276,Chaut,240,Melanoplus femurrubrum,0,0,0,2,4,2,NA,8,5,2010
348,Chaut,183,Melanoplus femurrubrum,3,0,0,0,0,0,NA,3,1,2011
349,Chaut,190,Melanoplus femurrubrum,1,2,0,0,0,0,NA,3,1.666666667,2011
350,Chaut,197,Melanoplus femurrubrum,0,3,0,0,0,0,NA,3,2,2011
351,Chaut,203,Melanoplus femurrubrum,3,2,0,0,0,0,NA,5,1.4,2011
352,Chaut,209,Melanoplus femurrubrum,0,0,6,1,0,0,NA,7,3.142857143,2011
353,Chaut,216,Melanoplus femurrubrum,0,0,2,3,0,0,NA,5,3.6,2011
354,Chaut,223,Melanoplus femurrubrum,0,0,2,1,0,0,NA,3,3.333333333,2011
355,Chaut,230,Melanoplus femurrubrum,0,0,4,3,0,0,NA,7,3.428571429,2011
356,Chaut,239,Melanoplus femurrubrum,0,0,3,1,1,0,NA,5,3.6,2011
449,Chaut,169,Melanoplus sanguinipes,2,7,11,2,2,0,342.325,24,2.791666667,1959
450,Chaut,190,Melanoplus sanguinipes,0,1,3,6,21,8,536.982,39,4.820512821,1959
451,Chaut,197,Melanoplus sanguinipes,0,0,1,3,6,15,600.442,25,5.4,1959
452,Chaut,204,Melanoplus sanguinipes,0,0,0,0,1,17,665.66,18,5.944444444,1959
453,Chaut,210,Melanoplus sanguinipes,0,0,0,0,1,22,732.657,23,5.956521739,1959
454,Chaut,219,Melanoplus sanguinipes,0,0,0,0,0,14,819.797,14,6,1959
455,Chaut,225,Melanoplus sanguinipes,0,0,0,1,0,44,887.552,45,5.955555556,1959
456,Chaut,233,Melanoplus sanguinipes,0,0,0,0,0,12,964.394,12,6,1959
457,Chaut,239,Melanoplus sanguinipes,0,0,0,0,0,12,1026.25,12,6,1959
458,Chaut,245,Melanoplus sanguinipes,0,0,0,0,0,1,1080.62,1,6,1959
459,Chaut,253,Melanoplus sanguinipes,0,0,0,0,0,8,1158.59,8,6,1959
460,Chaut,262,Melanoplus sanguinipes,0,0,0,0,0,12,1206.41,12,6,1959
461,Chaut,281,Melanoplus sanguinipes,0,0,0,0,0,2,1234.31,2,6,1959
580,Chaut,155,Melanoplus sanguinipes,0,0,0,1,0,0,277.867,1,4,1960
581,Chaut,159,Melanoplus sanguinipes,2,6,9,2,1,0,309.144,20,2.7,1960
582,Chaut,162,Melanoplus sanguinipes,1,2,4,3,0,0,323.502,10,2.9,1960
583,Chaut,165,Melanoplus sanguinipes,1,1,5,1,0,0,339.102,8,2.75,1960
584,Chaut,168,Melanoplus sanguinipes,1,4,8,2,0,0,365.049,15,2.733333333,1960
585,Chaut,172,Melanoplus sanguinipes,1,2,1,2,1,0,415.467,7,3,1960
586,Chaut,175,Melanoplus sanguinipes,0,2,1,0,2,0,441.687,5,3.4,1960
587,Chaut,179,Melanoplus sanguinipes,0,0,3,2,0,1,484.912,6,3.833333333,1960
588,Chaut,182,Melanoplus sanguinipes,0,0,0,1,4,0,525.017,5,4.8,1960
589,Chaut,186,Melanoplus sanguinipes,0,0,1,0,2,4,566.37,7,5.285714286,1960
590,Chaut,189,Melanoplus sanguinipes,0,0,0,1,3,1,582.672,5,5,1960
591,Chaut,193,Melanoplus sanguinipes,0,0,0,0,1,3,631.503,4,5.75,1960
592,Chaut,196,Melanoplus sanguinipes,0,0,2,1,1,5,656.668,9,5,1960
593,Chaut,200,Melanoplus sanguinipes,0,0,1,2,2,10,700.777,15,5.4,1960
594,Chaut,203,Melanoplus sanguinipes,0,0,0,1,4,3,737.609,8,5.25,1960
595,Chaut,207,Melanoplus sanguinipes,0,0,3,3,2,17,789.496,25,5.32,1960
596,Chaut,210,Melanoplus sanguinipes,0,0,0,7,3,33,835.494,43,5.604651163,1960
597,Chaut,215,Melanoplus sanguinipes,0,0,1,0,3,11,898.772,15,5.6,1960
598,Chaut,224,Melanoplus sanguinipes,0,0,0,0,5,25,992.262,30,5.833333333,1960
599,Chaut,231,Melanoplus sanguinipes,0,0,0,0,0,10,1059.92,10,6,1960
600,Chaut,237,Melanoplus sanguinipes,0,0,0,0,0,5,1127.06,5,6,1960
601,Chaut,244,Melanoplus sanguinipes,0,0,0,0,0,9,1203.12,9,6,1960
602,Chaut,258,Melanoplus sanguinipes,0,0,0,0,0,2,1337,2,6,1960
603,Chaut,271,Melanoplus sanguinipes,0,0,0,0,0,3,1401.97,3,6,1960
60,Chaut,164,Melanoplus sanguinipes,3,2,0,0,0,0,300.317,5,1.4,2007
61,Chaut,169,Melanoplus sanguinipes,1,0,2,1,0,0,349.169,4,2.75,2007
62,Chaut,176,Melanoplus sanguinipes,0,0,4,0,1,0,428.915,5,3.4,2007
63,Chaut,184,Melanoplus sanguinipes,0,0,3,1,3,0,513.992,7,4,2007
64,Chaut,190,Melanoplus sanguinipes,0,0,0,1,5,2,581.159,8,5.125,2007
65,Chaut,197,Melanoplus sanguinipes,0,0,1,1,4,4,655.511,10,5.1,2007
66,Chaut,204,Melanoplus sanguinipes,0,0,3,1,0,0,749.844,4,3.25,2007
67,Chaut,211,Melanoplus sanguinipes,0,0,0,0,2,5,827.511,7,5.714285714,2007
83,Chaut,156,Melanoplus sanguinipes,2,0,0,0,0,0,212.24,2,1,2008
93,Chaut,167,Melanoplus sanguinipes,0,0,1,1,0,0,267.858,2,3.5,2008
98,Chaut,172,Melanoplus sanguinipes,0,0,1,1,0,0,307.618,2,3.5,2008
103,Chaut,178,Melanoplus sanguinipes,0,0,2,0,0,0,364.386,2,3,2008
108,Chaut,185,Melanoplus sanguinipes,0,0,2,4,3,5,428.152,14,4.785714286,2008
113,Chaut,190,Melanoplus sanguinipes,0,0,0,0,1,1,482.06,2,5.5,2008
118,Chaut,196,Melanoplus sanguinipes,0,0,0,1,5,5,548.202,11,5.363636364,2008
187,Chaut,168,Melanoplus sanguinipes,0,4,3,0,0,0,NA,7,2.428571429,2009
188,Chaut,177,Melanoplus sanguinipes,0,0,0,0,0,0,NA,0,NA,2009
189,Chaut,183,Melanoplus sanguinipes,0,0,0,1,1,2,NA,4,5.25,2009
190,Chaut,191,Melanoplus sanguinipes,0,0,0,2,1,0,NA,3,4.333333333,2009
191,Chaut,197,Melanoplus sanguinipes,0,0,0,1,2,5,NA,8,5.5,2009
192,Chaut,203,Melanoplus sanguinipes,0,0,0,0,2,4,NA,6,5.666666667,2009
193,Chaut,210,Melanoplus sanguinipes,0,0,0,0,2,3,NA,5,5.6,2009
277,Chaut,150,Melanoplus sanguinipes,0,1,3,1,0,0,NA,5,3,2010
278,Chaut,201,Melanoplus sanguinipes,0,1,0,3,3,0,NA,7,4.142857143,2010
279,Chaut,209,Melanoplus sanguinipes,0,2,2,4,7,0,NA,15,4.066666667,2010
280,Chaut,236,Melanoplus sanguinipes,0,0,0,0,1,23,NA,24,5.958333333,2010
357,Chaut,158,Melanoplus sanguinipes,6,5,6,0,0,0,NA,17,2,2011
358,Chaut,169,Melanoplus sanguinipes,3,4,5,3,0,0,NA,15,2.533333333,2011
359,Chaut,176,Melanoplus sanguinipes,1,1,4,0,0,0,NA,6,2.5,2011
360,Chaut,183,Melanoplus sanguinipes,0,0,7,4,6,0,NA,17,3.941176471,2011
361,Chaut,190,Melanoplus sanguinipes,0,0,2,2,3,2,NA,9,4.555555556,2011
362,Chaut,197,Melanoplus sanguinipes,0,0,1,4,7,9,NA,21,5.142857143,2011
363,Chaut,203,Melanoplus sanguinipes,0,0,0,0,1,14,NA,15,5.933333333,2011
364,Chaut,223,Melanoplus sanguinipes,0,0,0,0,1,65,NA,66,5.984848485,2011
